<?xml version="1.0" encoding="utf-8"?>
<selector xmlns:android="http://schemas.android.com/apk/res/android">
    <!--평상시-->
    <item android:state_pressed="false" android:state_focused="false">
        <shape>
            <solid android:color="#718792"/>
            <corners android:radius="5dp"/>
        </shape>
    </item>
    <!--클릭시-->
    <item android:state_pressed="true" android:state_focused="false">
        <shape>
            <solid android:color="#455a64"/>
            <corners android:radius="5dp"/>
        </shape>
    </item>
</selector>